ts,pair,direction,entry_price,exit_price,result
2026-10-08 11:41,EURCHF,SELL,0.93125,0.93297,LOSS
2026-10-08 11:41,EURCHF,SELL,0.93162,0.93297,LOSS
2026-10-08 11:41,USDCAD,BUY,1.42607,1.42521,LOSS
2026-10-08 11:41,GBPUSD,SELL,1.32083,1.31959,WIN
2026-10-08 11:41,GBPUSD,SELL,1.32039,1.31959,WIN
2026-10-08 11:47,GBPUSD,SELL,1.32088,1.31947,WIN
2026-10-09 10:42,EURUSD,BUY,1.12347,1.12296,LOSS
2026-10-09 16:23,GBPCHF,SELL,1.0989,1.0994,LOSS
2026-10-09 17:10,AUDCAD,BUY,0.99544,0.99577,WIN
2026-10-09 18:04,EURCAD,BUY,1.59831,1.59812,LOSS
2026-10-09 18:38,CADCHF,SELL,0.58214,0.58218,LOSS
